[["Map",1,2,7,8],"meta::meta",["Map",3,4,5,6],"astro-version","5.0.3","config-digest","e7304cbed3c9019b","post",["Map",9,10],"compassionate-caregiver",{"id":9,"data":11,"body":22,"filePath":23,"digest":24,"deferredRender":25},{"publishDate":12,"title":13,"excerpt":14,"image":15,"category":16,"tags":17,"author":19,"metadata":20},["Date","2023-03-15T00:00:00.000Z"],"The Power of compassionate Caregiver","The story of Godam Jugadi Rao AKA Chandu from Adilabad.","~/assets/images/aaptha-22.png","Heroes",[16,18],"Celebrations","Srikanth",{"canonical":21},"https://astrowind.vercel.app/get-started-website-with-astro-tailwind-css","import DListItem from '~/components/ui/DListItem.astro';\r\nimport ToggleTheme from '~/components/common/ToggleTheme.astro';\r\n\r\n**Godam Jugadi Rao AKA Chandu from Adilabad.** He studied till intermediate. I wonder how these young guys choose to work as caregivers.\r\n\r\nHe was very calm and didn't speak much during the orientation session. He said that he worked as a caregiver earlier, so I asked him what he did in his earlier work. He explained about his work in a step-by-step process.So far, no caregiver explained me in such a way. So, I thought to give him a chance.\r\n\r\nHis first assignment was with an elder who got surgery for his legs. Service lasted only for one month as the elder recovered very fast. On the last day of the service, the elder got tears and he thanked Chandu by hugging him. It was an emotional moment for our team. Elder and his family were very happy with his work.\r\n\r\nLater he was on the bench for 10-15 days, but he never asked us when he is going to join work again. Later after 15 days, I sent him to another work in my hometown, it was a small village. As part of our work, I asked Chandu whether he liked to work in that village or not, he said he liked the village and the elder’s family, even the elder’s family requested us to continue Chandu as they liked his work. It’s been 7 months since Chandu has been working with us. Elder is doing good and there is no complaint from Chandu nor from the client.\r\n\r\nThere are a few more caregivers of Chandu’s age, who came from rural areas to Hyderabad choosing caregivers as their profession to support their family financially and leading a happy life.\r\n\r\n### The power of a caregiver lies in compassion and it is such an inspiring story!","src/data/post/compassionate-caregiver.mdx","88c24c4d02d51a00",true]